{
  "CF-Nylon": {
    "allowable_stress_MPa": 75,
    "applied_stress_MPa": 0.000005748046875,
    "is_safe": true,
    "material": "CF-Nylon",
    "max_safe_load_g": 6523955147.808358,
    "safety_factor": 2,
    "utilization_%": 0.000007664062499999999,
    "yield_strength_MPa": 150
  },
  "Nylon": {
    "allowable_stress_MPa": 37.5,
    "applied_stress_MPa": 0.000005748046875,
    "is_safe": true,
    "material": "Nylon",
    "max_safe_load_g": 3261977573.904179,
    "safety_factor": 2,
    "utilization_%": 0.000015328124999999998,
    "yield_strength_MPa": 75
  },
  "PETG": {
    "allowable_stress_MPa": 26.5,
    "applied_stress_MPa": 0.000005748046875,
    "is_safe": true,
    "material": "PETG",
    "max_safe_load_g": 2305130818.8922863,
    "safety_factor": 2,
    "utilization_%": 0.0000216907429245283,
    "yield_strength_MPa": 53
  },
  "PLA": {
    "allowable_stress_MPa": 25,
    "applied_stress_MPa": 0.000005748046875,
    "is_safe": true,
    "material": "PLA",
    "max_safe_load_g": 2174651715.9361196,
    "safety_factor": 2,
    "utilization_%": 0.0000229921875,
    "yield_strength_MPa": 50
  }
}