{
  "cg_x_mm": 1.4438231386242737,
  "cg_y_mm": 0,
  "cg_z_mm": -3.8175662648370627,
  "distribution": {
    "Battery": 44.04884151735072,
    "Camera": 6.117894655187601,
    "Flight Controller": 3.6707367931125603,
    "Frame": 16.79663268944863,
    "Motor FL": 6.852042013810113,
    "Motor FR": 6.852042013810113,
    "Motor RL": 6.852042013810113,
    "Motor RR": 6.852042013810113,
    "Receiver": 1.957726289660032
  },
  "is_balanced_10mm": true,
  "num_components": 9,
  "total_weight_g": 408.6373075875298
}